NAZWA;KALORIE;TYP;RODZAJ;SKœADNIKI;GRAMY;PRZEPIS;PORCJE
Frittata ze szpinakiem i pomidorkami;360;w;sn,kl;jajko,szpinak,ser mozarella,pomidor koktajlowy,cebula,oliwa,mleko,chleb graham,czosnek;6,200g,80g,100g,100g,5g,80g,100g,15g;Nastaw piekarnik na 180 stopni. Na patelni podsma– na ˆy–eczce oliwy pokrojon¤ w kostk? cebul? oraz przeci˜ni?ty przez prask? czosnek. Dodaj umyty szpinak, du˜ chwil?,  a– szpinak zwi?dnie. Wbij jajka do miski, roztrzep widelcem i wymieszaj z mlekiem sol¤, pieprzem, gaˆk¤ muszkatoˆow¤. Przelej mas? do naczynia do zapiekania lub na patelni?, lekko wymieszaj ze szpinakiem i dodaj przekrojone na poˆôwki pomidorki oraz kawaˆki mozzarelli. Zapiekaj w piekarniku przez 20 minut, a– masa zg?stnieje. Zjedz z chlebem.;3 porcje
Owsianka tiramisu;464;w;sn;banan,pˆatki owsiane,otr?by pszenne,miôd,kakao,kawa rozpuszczalna,pˆatki migdaˆowe;130g,30g,10g,10g,5g,5g,10g;Pˆatki i otr?by zalej mlekiem. Dodaj kaw? i gotuj na maˆym ogniu kilka minut, a– owsianka zg?stnieje. Banana pokrôj w plasterki, migdaˆy posiekaj. Gotow¤ owsiank? polej miodem, obˆô– plastrami banana, posyp kakao i migdaˆami.;1 porcja
Owsianka rafaello;417;w;sn;mleczko kokosowe,woda,pˆatki owsiane,pˆatki migdaˆowe,ksylitol;150ml,50ml,40g,10g,10g;;1 porcja
Owsianka biszkopt z truskawkami;327;w;sn;mleko,pˆatki owsiane,biszkopty,truskawki,ksylitol;200ml,40g,6g,100g,5g;Biszkopty pokrusz. Mleko z wydr¤–onymi nasionkami wanilii i pˆatkami owsianymi gotuj na maˆym ogniu kilka minut, a– owsianka zg?stnieje. Posˆod® owsiank? ksylitolem i zjedz z pokruszonymi biszkoptami oraz pokrojonymi truskawkami.;1 porcja
Owsianka snickers;525;w;sn;mleko,pˆatki owsiane,orzeszki ziemne,masˆo orzechowe,banan,kakao,ksylitol;200ml,40g,15g,10g,100g,5g,10g;Mleko z pˆatkami owsianymi kakao, ksylitolem i masˆem orzechowym gotuj na maˆym ogniu kilka minut, a– owsianka zg?stnieje. Zjedz z pokrojonym w plasterki bananem oraz orzeszkami ziemnymi.;1 porcja
Owsianka szarlotka z cynamonem;413;w;sn;mleko,pˆatki owsiane,jabˆko,herbatniki,miôd,cynamon;200ml,40g,160g,10g,5g;Jabˆko obierz i zetrzyj na tarce. Du˜ z dodatkiem wody w rondelku przez 15 minut. Do rondelka wlej mleko i dodaj pˆatki owsiane. Wymieszaj i gotuj a– pˆatki zmi?kn¤ i owsianka zg?stnieje. W tym czasie wˆô– herbatniki do plastikowego woreczka i rozkrusz waˆkiem lub tˆuczkiem.  Owsiank? dopraw cynamonem i miodem i zjedz posypan¤ herbatnikami.;1 porcja
Placuszki jogurtowe z borôwkami ameryka„skimi;207;w;sn;m¤ka owsiana,m¤ka jaglana,jajko,jogurt naturalny,proszek do pieczenia,ksylitol,borôwki ameryka„skie,olej;80g,50g,2,150g,5g,200g,10g;W misce zmiksuj obie m¤ki z jajkami, jogurtem, ksylitolem oraz proszkiem do pieczenia tak, aby powstaˆa masa o konsystencji g?stej ˜mietany. Dodaj borôwki ameryka„skie i wymieszaj ˆy–k¤. Na patelni rozgrzej poˆow? oleju i sma– maˆe placuszki, a– si? lekko zarumieni¤. Nast?pnie dodaj reszt? oleju i usma– drug¤ porcje placuszkôw jaglano owsianych. Jeden placuszek to 2 ˆy–ki ciasta.;5 porcji
Frittata z botwink¤ i serem feta;330;w;sn,kl;jajko,botwinka,ser feta,mleko,chleb graham,czosnek;6,300g,80g,80g,100g,15g;Nastaw piekarnik na 180 stopni. Wbij jajka do miski, roztrzep widelcem i wymieszaj z mlekiem sol¤, pieprzem, gaˆk¤ muszkatoˆow¤, przeci˜ni?tym przez prask? czosnkiem oraz dodaj posiekan¤ botwink?. Przelej mas? do naczynia do zapiekania lub na patelni?. Zapiekaj w piekarniku przez 20 minut, a– masa zg?stnieje. Zjedz z chlebem.;3 porcje
Owsianka na zimno z czere˜niami i pistacjami;302;w;sn;mleko,pˆatki owsiane, czere˜nie,pistacje,ksylitol;150ml,40g,50g,10g,5g;Danie przygotowujemy wieczorem, aby byˆo gotowe na ˜niadanie. Pˆatki owsiane wsyp do miseczki i zalej zimnym mlekiem. Posˆod® ˆy–eczk¤ cukru brzozowego. Czere˜nie zblenduj i dodaj do owsianki.;1 porcja
Kokosowy serniczek z granatem i mango;230;w;sn,pd;ser biaˆy,jajko,m¤ka kokosowa,ksylitol,mango,pestki granatu;300g,2,24g,24g,70g,40g;Przygotuj m¤k? kokosow¤ ? zmiel wiôrki kokosowe na pyˆ. Nagrzej piekarnik do 180 stopni. Jajka zmiksuj w misce na pian?, dodaj ser, m¤k? kokosow¤, ksylitol i wszystko dokˆadnie zmiksuj. Przeˆô– mas? do trzech maˆych naczynek –aroodpornych ? moje maj¤ ˜rednic? 9 cm. Piecz serniczki przez 30 minut. Po ostygni?ciu naˆô– na nie kawaˆki mango i pestki granatu;3 porcje
Mleczno migdaˆowy omlet na sˆodko z jabˆkami;255;w;sn,kl;jajko,m¤ka migdaˆowa,mleko,jabˆko,ksylitol,cynamon;2,50g,60ml,50g,30g,5g;Je–eli pieczesz omlet w piekarniku, nagrzej piekarnik do 180 stopni. Jajka rozbij i oddziel biaˆko od –ôˆtek. ñôˆtka wymieszaj z cukrem brzozowym, m¤k¤ migdaˆow¤ (je–eli nie masz kupionej m¤ki, zmiel pˆatki migdaˆowe na pyˆ) i mlekiem oraz dodaj cynamon. Jabˆko obierz i zetrzyj na tarce z grubymi oczkami. Biaˆka jaja ubij na sztywn¤ pian?. Wymieszaj delikatnie mas? z –ôˆtek z ubitym biaˆkiem. Dodaj jabˆko i wymieszaj. Zapiekaj w piekarniku przez 20 minut lub je˜li sma–ysz omlet na patelni ? sma– go po 5-7 minut z ka–dej strony.;2 porcje
Kanapka z ricott¤, pomara„cz¤ i gorzk¤ czekolad¤;100;w;sn,ds;chleb graham,ricotta,pomara„cza,gorzka czekolada;30g,10g,30g,2g;;1 porcja
Kanapka z ricott¤ i borôwkami ameryka„skimi ;100;w;sn,ds;chleb graham,ricotta,borôwki ameryka„skie;30g,15g,20g;;1 porcja
Placuszki amarantusowe z bananem;250;w;sn;m¤ka z aramantusa,mleko,jajko,banan,proszek do pieczenia;130g,150ml,2,250g;Banany obierz, pokrôj w plastry i zmiksuj blenderem. Dodaj jajka, mleko i m¤k? z amarantusa i wszystko zblenduj na gˆadk¤ mas?. Dodaj proszek do pieczenia i wymieszaj. Sma– maˆe placuszki z obu stron na nieprzywieraj¤cej patelni bez dodatku tˆuszczu, a– b?d¤ rumiane;4 porcje
Owsianka z borôwkami;297;w;sn;mleko,pˆatki owsiane,borôwki ameryka„skie;200ml,50g,70g;Borôwki (lub jagody) umyj i zmiksuj blenderem na mus. Mo–esz zostawi? kilka do dekoracji. Mleko podgrzej  i zalej nim pˆatki owsiane, poczekaj, a– nap?czniej¤. Dodaj mus z borôwek i wymieszaj;1 porcja
Fritata z pomidorami i mozarell¤;308;w;sn,kl;jajko,pomidor,ser mozarella,mleko,czosnek,ocet balsamiczny,bazylia;4,300g,80g,20ml,10g,5g,5g;Nagrzej piekarnik na 180 stopni. Pomidory zalej wrz¤tkiem i obierz ze skôrki. Pokrôj na osiem cz?˜ci i wytnij szypuˆki. Dopraw sol¤, pieprzem i skrop octem balsamicznym. Ser mozarella zetrzyj na tarce z grubymi oczkami. Jajka roztrzep widelcem w naczyniu, w ktôrym wstawisz je do piekarnika. Dodaj mleko, ser oraz cz?˜? poszarpanej bazylii i zgnieciony czosnek, wymieszaj. Dopraw sol¤ i pieprzem. Wˆô– pomidory do masy jajecznej i posyp reszt¤ bazylii. Zapiekaj w piekarniku przez okoˆo 20 minut ? a– jaja si? zetn¤.;2 porcje
Jajecznica z kurkami;293;w;sn,kl;jajko,kurki,masˆo,chleb graham;2,50g,5g,30g;Kurki oczy˜? dokˆadnie ? najlepiej opˆuka? je w wodzie, posoli? i zala? gor¤c¤ wod¤ ? wôwczas piasek sam opadnie. Podsma– pokrojone kurki na ˆy–eczce masˆa, dodaj troch? wody i du˜ je okoˆo 10 minut. Dodaj jajka i wymieszaj. Sma– mieszaj¤c, a– jajka si? zetn¤.;1 porcja
Quesadilla;343;w;sn,kl;tortilla,ser gouda,pomidor,papryka czerwona,przyprawa meksyka„ska;60g,45g,80g,30g,5g;Na poˆow? tortilli wyˆô– pokrojone w plastry pomidory, pokrojon¤ papryk? i wi?ksz¤ cz?˜? sera startego na tarce z grubymi oczkami. Dopraw przypraw¤ meksyka„sk¤. Zˆô– tortill? na pôˆ , na wierzch poˆô– reszt? sera i jeszcze raz zˆô–. Powinien powsta? trôjk¤t. Tak zˆo–on¤ tortill? podsma–aj okoˆo 10-15 minut na bardzo maˆym ogniu na nieprzywieraj¤cej patelni z obu stron, a– ser si? rozpu˜ci.;1 porcja
Owsianka kokosowo migdaˆowa;301;w;sn;mleko,pˆatki owsiane,pˆatki migdaˆowe,wiôrki kokosowe;150ml,40g,10g,4g;Mleko podgrzej i zalej nim pˆatki. Dodaj migdaˆy, wiôrki kokosowe i aromat migdaˆowy (opcjonalnie).;1 porcja
Kanapki z past¤ jajeczn¤;392;w;sn,ds;chleb graham,jajka,jogurt naturalny,pietruszka;90g,3,40g,5g;Jajka ugotuj na twardo i ostud®. Zetrzyj na tarce z maˆymi oczkami. Pietruszk? drobno posiekaj. Wymieszaj dokˆadnie jajka, z margaryn¤ i pietruszk¤, dopraw sol¤. ;1 porcja
Jajecznica ze szczypiorkiem;341;w;sn;jajko,masˆo,szczypiorek,chleb graham;3,3g,5g,30g;Rozpu˜? masˆo na nieprzywieraj¤cej patelni, wbij jajka i rozmieszaj. Dodaj  posiekany szczypiorek i posôl. Podsma–aj,ci¤gle mieszaj¤c, a– jajka si? zetn¤.;1 porcja
Egzotyczny kurczak curry z bananem;401;;ob;filet úz kurczaka,banan,mleczko kokosowe,cebula,czosnek,oliwa,ry– parboiled;450g,100g,100ml,100g,5g,5g,120g;Ry– ugotuj z godnie z opisem na opakowaniu. Na patelni na ˆy–eczce oliwy pokrôj podsma–on¤ w kostk? cebul? oraz przeci˜ni?ty przez prask? czosnek. Ci¤gle mieszaj, aby si? nie przypaliˆy. Kurczaka pokrôj na maˆe kawaˆki, oprôsz curry, zmielon¤ kolendr¤, przyprawa do piernika, sol¤ i pierzem. Podsma– okoˆo 10-15 minut razem z go®dzikami. Dodaj plasterki banana i mleczko kokosowe oraz cynamon, kardamon i gaˆk? muszkatoˆow¤ i wymieszaj.;3 porcje
Zapiekanka ziemniaczana z kieˆbas¤ i chrzanem;421;;ob;ziemniaki,kieˆbasa,jogurt naturalny, jajko,chrzan,saˆata;300g,200g,200g,1,20g,50g;Ziemniakôw nie obieraj i ugotuj je w mundurkach ? wystarczy 20 minut, aby nie byˆy za mi?kkie. Nagrzej piekarnik do 180 stopni. Kieˆbas? z piersi kurczaka pokrôj w plastry i podsma– troch? bez oliwy. W miseczce wymieszaj jogurt z jajkiem oraz chrzanem, dopraw sol¤, pieprzem , majerankiem. Na dno maˆego naczynia do zapiekania wyˆô– kieˆbas? nast?pnie poˆô– pokrojone w plastry ziemniaki razem ze skôrk¤. Zalej wszystko mas¤ jogurtow¤. Zapiekaj przez 20 minut w 180 stopniach. Podawaj na li˜ciach saˆaty.;2 porcje
Placki po w?giersku z gulaszem z kurczaka;375;;ob;ziemniaki,cebula,jajko,m¤ka pszenna,pier˜ z kurczaka,papryka czerwona,marchewka,przecier pomidorowy,oliwa;500g,400g,1,10g,500g,800g,50g,60g,10g;Kurczaka pokrôj na maˆe kawaˆki, dopraw przyprawami oraz dodaj li˜cie laurowe i ziele angielskie i podsma– na oliwie na patelni teflonowej. Dodaj pokrojon¤ w piôrka cebul? (200g), starta na tarce marchewk? oraz pokrojon¤ w kostk? papryk?. Zalej maˆ¤ ilo˜ci¤ wody. Du˜, a– papryka b?dzie mi?kka i powstanie z niej sos. Ziemniakôw nie obieraj i zetrzyj na tarce z maˆymi oczkami. Cebul? obierz i rôwnie– zetrzyj na tarce. Posôl i odstaw na 15 minut. Po tym czasie odlej wod? z ziemniakôw ? najlepiej jest odcisn¤? mas? ziemniaczana przez gaz?. Dodaj m¤k?, jajko, wymieszaj i dopraw sol¤ i pieprzem. Placki sma– na nieprzywieraj¤cej patelni bez tˆuszczu na maˆym ogniu. ;4 porcje
Pizza na tortilli z szynk¤ i mozzarell¤;493;;ob,kl;tortilla,szynka w?dzona,mozarella,cebula,oliwki,przecier pomidorowy,jogurt naturalny,czosnek;60g,50g,60g,100g,30g,30g,15g,5g;Nagrzej piekarnik do 200 stopni. Przygotuj sos pomidorowy z przecieru, jogurtu naturalnego i przeci˜ni?tego przez prask? z¤bka czosnku. Dopraw go sol¤, pieprzem, bazyli¤, oregano i rozmarynem. Cebul? pokrôj w piôrka, a oliwki w plasterki. Posmaruj placek tortilli sosem pomidorowym i poˆô– na nim piôrka cebuli, kawaˆki szynki i mozzarelli oraz pokrojone oliwki. Mo–esz posypa? pizz? oregano. Piecz pizz? na papierze do pieczenia przez 10-12 minut.;1 porcja
Makaron z krewetkami i pomidorkami ;283;;ob;krewetki,makaron,pomidorki koktajlowe,oliwa,masˆo,czosnek;440g,120g,150g,10g,5g,20g;Krewetki rozmro®. Ugotuj makaron al dente zgodnie opisem na opakowaniu. Na oliwie z masˆem podsma– przeci˜ni?te przez prask? z¤bki czosnku i dodaj krewetki oraz gaˆ¤zki rozmarynu. Sma– okoˆo 5 minut, nast?pnie dodaj przekrojone na poˆôwki pomidorki. Przykryj patelni? pokrywk¤ i du˜ okoˆo 5 minut.;3 porcje
Zapiekanka z piekarnika z kurczakiem i brukselkami;384;;ob;filet z kurczaka zmielony,brukselka,makaron peˆnoziarnisty,passata pomidorowa,jogurt naturalny,jajko,sos sojowy,oliwa,czosnek;200g,200g,80g,150ml,50g,1,30g,5g,10g;Nagrzej piekarnik do 180 stopni. Makaron ugotuj na pôˆtwardo. Brukselki przekrôj na ?wiartki. Na patelni na ˆy–eczce oliwy wody du˜ brukselki z maˆ¤ ilo˜ci¤  pod przykryciem przez 10 minut. Dodaj zmielonego kurczaka, sos sojowy, oraz przeci˜ni?te przez prask? z¤bki czosnku. Sma–, a– odparuje caˆa woda. W tym czasie wymieszaj jogurt z jajkiem i dodaj passate pomidorow¤ oraz sôl, pieprz i zioˆa. Wymieszaj na gˆadk¤ mas?. Do naczynia –aroodpornego przeˆô– makaron oraz kurczaka z brukselkami i zalej mas¤ pomidorow¤. Piecz w piekarniku przez 20 minut.;2 porcje
Filet z kurczaka z piekarnika ze szpinakiem i szynk¤;408;;ob;filet z kurczaka,w?dzona szynka,szpinak,ser mozarella,ry– br¤zowy,czosnek;600g,50g,100g,60g,120g,15g;Ugotuj ry– zgodnie z opisem na opakowaniu. Szpinak umyj i poddu˜ na patelni z dodatkiem przeci˜ni?tego przez prask? czosnku, soli, pieprzu i gaˆki muszkatoˆowej. Przygotuj kurczaka. Przekrôj filety wzdˆu– na pôˆ, posmaruj przeci˜ni?tym przez prask? czosnkiem, oprôsz sol¤, pieprzem i zioˆami. Rozˆô– podwôjne kawaˆkôw foli aluminiowej i poˆô– na nich poˆôwki piersi kurczaka. Na ka–dej poˆôwce fileta poˆô– pokrojon¤ w paski szynk? oraz uduszony szpinak. Na koniec poˆô– na filetach kawaˆki sera mozzarella. Owi„ kurczaka foli¤ aluminiow¤, uˆô– na blasze do pieczenia przykrytej papierem do pieczenia i wˆô– mi?so do piekarnika. Piecz przez 30 minut w temperaturze 180 stopni. Pod koniec pieczenia otwôrz paczuszki z kurczakiem, tak aby ser môgˆ si? zapiec i byˆ lekko chrupi¤cy. Kurczaka podawaj z ry–em posypanego listkami bazylii.;3 porcje
Meksyka„ski kurczak;374;;ob;filet z kurczaka,cebula,fasola,kukurydza,czosnek,przecier pomidorowy,oliwa,makaron peˆnoziarnisty;500g,200g,220g,120g15g,400ml,10g,120g;Makaron ugotuj zgodnie z opisem na opakowaniu. Na patelni na ˆy–ce oliwy podsma– pokrojon¤ w kostk? cebul?, dodaj przeci˜ni?ty przez prask? czosnek i podsma–. Na patelnie wyˆô– mielone mi?so z kurczaka i sma– 5-10 minut. Dolej passat? pomidorow¤ i przyprawy i du˜ kolejne 5 minut. Na koniec dodaj ods¤czona fasol? i kukurydz? i podgrzej. Podawaj z makaronem.;4 porcje
Zapiekanka z kaszy jaglanej z pieczarkami;419;w;ob;kasza jaglana,pieczarki,cebula,jajko,jogurt naturalny,ser mozarella,oliwa,czosnek;100g,250g,200g,1,200g,40g,5g,10g;Kasz? jaglan¤ przelej wrz¤tkiem, aby pozby? si? goryczki i ugotuj zgodnie z opisem na opakowaniu. Na patelni na ˆy–eczce oliwy podsma– pokrojon¤ w kostk? cebul?, dodaj przeci˜ni?ty przez prask? czosnek. Pieczarki umyj i pokrôj w plasterki i wrzu? na patelni?. Du˜ okoˆo 15 minut. Dopraw sol¤ i pieprzem. W tym czasie wymieszaj jogurt z jajkiem i dodaj przyprawy ? sôl, pieprz i rozmaryn tymianek. Kasz? jaglan¤ wymieszaj z pieczarkami, przeˆô– do naczynia –aroodpornego  i zalej mas¤ jogurtow¤. Na wierzch poˆô– kawaˆki mozzarelli. Piecz w piekarniku nagrzanym do 180 stopni przez 15 minut.;2 porcje
Kurczak z warzywami w aromatycznym sosie;605;;ob;pier˜ z kurczaka,kalafior,brokuˆ,marchewka,passata pomidorowa,jajko,sos sojowy,oliwa,makaron peˆnoziarnisty,czosnek;500g,70g,70g,60g,400ml,1,30g,5g,120g,10g;Makaron ugotuj al dente. Kurczaka dopraw sosem sojowym, zioˆami, pieprzem i przeci˜ni?tym przez prask? czosnkiem. Podsma– chwil? na oliwie i dodaj mieszank? warzywn¤. Wymieszaj passat? pomidorow¤ z jajkiem i wlej na patelni?. Du˜ okoˆo 15 minut. Je–eli u–ywasz ˜wie–ego kalafiora du˜ danie, a– kalafior zmi?knie. Dopraw sol¤ i pieprzem i podawaj z makaronem.;2 porcje
Zapiekanka z brokuˆami i kurczakiem;351;;ob;pier˜ z kurczaka,brokuˆ,jogurt naturalny,jajko,oliwa,czosnek,parmezan,makaron peˆnoziarnisty;300g,200g,150g,1,15g,10g,120g;Makaron ugotuj zgodnie z opisem na opakowaniu. Nagrzej piekarnik do 180 stopni. Brokuˆy gotuj przez okoˆo 5 minut w osolonej wodzie. Zmielone mi?so z kurczaka podsma– na ˆy–eczce oliwy z przeci˜ni?tymi przez prask? dwoma z¤bkami czosnku. Dopraw sol¤ pieprzem i curry. Wymieszaj jogurt z jajkiem i przeci˜ni?tym przez prask? z¤bkiem czosnku, dopraw sol¤ i pieprzem. Do naczynia –aroodpornego przeˆô– najpierw mi?so, potem brokuˆy i zalej wszystko mas¤ jogurtow¤. Posyp startym parmezanem i piecz w piekarniku przez 15 minut.;3 porcje
Mintaj w sosie z suszonymi pomidorami;403;;ob;mintaj,suszone pomidory,oliwki,mleko,ser mozarella,maka kukurydziana,ziemniaki,czosnek;400g,60g,40g,150ml,40g,10g,600g,5g;gotuj ziemniaki w mundurkach. W maˆej ilo˜ci mleka wymieszaj m¤k? kukurydzian¤, dodaj reszt? mleka i wymieszaj. Dopraw sol¤ i pieprzem. Pomidory pokrôj w paseczki, a oliwki plasterki. Uˆô– kawaˆki mintaja w naczyniu do zapiekania, natrzyj je przeci˜ni?tym przez prask? z¤bkiem czosnku i oprôsz lekko sol¤ i pierzem. Poˆô– na nich oliwki i suszone pomidory i zalej sosem z mleka i m¤ki. Na wierzchu poˆô– kawaˆki mozzarelli. Piecz w piekarniku nagrzanym do 180 stopni przez 20 minut.;3 porcje
Saˆatka z kurczakiem i granatem;333;;ds,kl;pier˜ z kurczaka,mieszanka saˆ¤t,pomara„cza,chleb graham,orzechy wˆoskie,pestki granatu,miôd,oliwa,woda,sok z cytryny;500g,200g,200g,80g,40g,60g,10g,20g,30g,15g;Kurczaka pokrôj na maˆe kawaˆki, oprôsz przypraw¤ do kurczaka i podsma– na patelni bez tˆuszczu. Kromki chleba upiecz w tosterze i pokrôj w kostk?. Je–eli nie masz tostera mo–esz je zapiec w piekarniku  (175 stopni na 10 minut). Przygotuj sos winegret z oliwy, wody, miodu, soku z cytryny, soli i pieprzu. Pomara„cz? obierz i pokrôj na cz¤stki. Wymieszaj saˆat? z ostudzonym kurczakiem i polej sosem winegret. Posyp saˆatk? pestkami granatu i orzechami oraz dodaj cz¤stki pomara„czy.;4 porcje
Saˆatka z kurczakiem i orzeszkami nerkowca;380;;ds,kl;mieszanka saˆat,pier˜ z kurczaka,papryka,orzeszki nerkowca,sos sojowy,ocet ry–owy,olej sezamowy,czosnek;100g,300g,200g,50g,30g,15g,10g,5g;Kurczaka pokrôj na maˆe kawaˆki, dopraw curry, odrobin¤ przyprawy 5 smakôw, sol¤ i pieprzem i podsma– na nieprzywieraj¤cej patelni bez tˆuszczu. Ostud®.W tym czasie podpra– na nieprzywieraj¤cej patelni orzechy nerkowca przedzielone na poˆôwki ? uwa–aj, aby si? nie przypaliˆy.Przygotuj dressing z oleju, octu, sosu sojowego, soli i pieprzu, dodaj przeci˜ni?ty przez prask? czosnek i wymieszaj.Papryk? pokrôj w kostk?, wymieszaj z saˆat¤ i kurczakiem.Polej dressingiem i dodaj orzechy nerkowca.;2 porcje
Saˆatka z kurczakiem i sosem musztardowym;480;;ds,kl;pomidorki koktajlowe,mieszanka saˆat,pier˜ z kurczaka,musztarda,oliwa,miôd,czosnek;100g,100g,300g,20g,10g,10g,5g;Kurczaka pokrôj na maˆe kawaˆki i oprôsz przypraw¤ do kurczaka. Podsma– na nieprzywieraj¤cej patelni bez tˆuszczu i ostud®.W tym czasie pokrôj pomidorki na poˆôwki i wymieszaj z saˆat¤.Przygotuj sos musztardowy ? wymieszaj miôd z musztard¤ i oliw¤, dodaj przeci˜ni?ty przez prask? z¤bek czosnku, sôl i pieprz. Dodaj kurczaka do saˆatki, polej dressingiem i wymieszaj.;1 porcja
Saˆatka nicejska z jajkiem i tu„czykiem;240;;ds,kl;jajko,tu„czyk,pomidorki koktajlowe,ogôrek,mieszanka saˆat,cebula,kapary,oliwki,oliwa,ocet jabˆkowy,bazylia;3,220g,350g,200g,150g,80g,20g,30g,40g,20g,5g;Jajka ugotuj na twardo (8-10 minut) w osolonej wodzie. Opˆucz je w zimnej wodzie, obierz ze skorupek i pokrôj na cz¤stki.Pokrôj pomidorki w  ?wiartki, ogôrka w pôˆksi?–yce, oliwki w plasterki. Przygotuj dressing. Do szklanki wlej oliw? i ocet, dodaj sôl i pieprz, po czym wymieszaj wszystkie skˆadniki widelcem. Ods¤cz tu„czyka, rozdrobnij go i wˆô– do salaterki. Dodaj pomidory, saˆat?, pokrojon¤ cebul? oraz ogôrka, a tak–e kilka listkôw bazylii. Wymieszaj skˆadniki i przybierz dobrze ods¤czonymi kaparami.Saˆatk? polej dressingiem i delikatnie wymieszaj. Na wierzchu uˆô– pokrojone jajka, oliwki i ˜wie–e li˜cie bazylii.;4 porcje
Saˆatka z jajkiem i ogôrkiem kiszonym;219;w;ds,kl;jajko,saˆata,ogôrek kiszony,jogurt naturalny;2,50g,60g,80g;Jajka ugotuj na twardo. Saˆat? poszarp na kawaˆki, a ogôrki pokrôj w drobn¤ kostk?. Wymieszaj skˆadniki z jogurtem i dopraw sol¤ i pieprzem.;1 porcja
Saˆatka jajeczna z rzodkiewk¤;385;w;ds,pd;jajko,jogurt naturalny,rzodkiewka,szczypiorek,chleb graham;2,100g,70g,10g,70g;Jajka ugotuj na twardo, ostud® i obierz. Pokrôj w kostk?. Rzodkiewki zetrzyj na tarce, wymieszaj z jogurtem i posiekanym szczypiorkiem. Wymieszaj sos z jajkami i dopraw sol¤ i pieprzem.;1 porcja
Saˆatka z jajkiem i serem parmezan;435;w;ds,kl;mieszanka saˆat,jajko,pomidorki koktajlowe,ogôrek,parmezan,chleb graham;100g,220g,200g,200g,40g,140g;Ugotuj jajka na twardo. Pomidory przekrôj na ?wiartki a ogôrka pokrôj w pôˆksi?–yce. Ser parmezan zetrzyj na tarce z maˆymi oczkami. Wymieszaj saˆat? z warzywami i pokrojonymi w kostk? jajkami. Dopraw sol¤ i pieprzem i posyp parmezanem.;2 porcje
Saˆatka z jajkiem i awokado;235;w;ds,kl;jajko,awokado,pomidor,ogôrek,saˆata;2,150g,200g,200g,50g;Jajka ugotuj, ostud® i obierz. Pomidora, ogôrka i awokado oraz jajka pokrôj w kostk?. Wymieszaj z saˆat¤. Dopraw sol¤ i pieprzem.;2 porcje
Zapiekana cieciorka z pomidorami i serem feta;268;w;ds,kl;ciecierzyca,pomidor,ser feta,cebula,oliwa,czosnek;100g,400g,60g,50g,5g,5g;Ciecierzyc? zalej du–¤ ilo˜ci¤ wody i zostaw na noc. Na drugi dzie„ gotuj w nowej wodzie przez godzin?. Nagrzej piekarnik do 180 stopni.  Kmin rzymski oraz kolendr? rozetrzyj w mo®dzierzu.Na patelni na ˆy–eczce oliwy podsma– pokrojon¤ w kostk? cebul?, ci¤gle mieszaj¤c, aby si? nie przypaliˆa. Dodaj przeci˜ni?ty przez prask? z¤bek czosnku i podsma– jeszcze chwil?. Dodaj ciecierzyc? i dopraw spor¤ ilo˜ci¤ przypraw. Uwa–aj, aby nie przesadzi? z sol¤, bo ser feta jest ju– mocno sˆony. Dodaj pomidora i du˜ kilka minut. Przeˆô– do –aroodpornego naczynia, posyp pokruszonym serem feta i zapiekaj 15 minut. Mo–esz rôwnie– posypa? danie serem na patelni i dusi?, a– ser zmi?knie.;2 porcje
Saˆatka z kieˆkami i serem feta;245;w;ds,kl;papryka czerwona,papryka –ôˆta,ogôrek,kieˆki rzodkiewki,ser feta,oliwa z oliwek,ocet jabˆkowy;200g,200g,200g,25g,100g,20g,10g;Warzywa kroimy w kostk? i mieszamy z kieˆkami. Przygotowujemy dressing z oliwy, octu jabˆkowego, wody i przypraw ? najpierw mieszamy oliw? z octem i wod¤, a– powstanie jednolity sos, nast?pnie dodajemy przyprawy. Polewamy dressingiem warzywa i mieszamy. Dodajemy pokrojony w kostk? ser feta i delikatnie mieszamy.ú;2 porcje
Saˆatka z grillowanym ˆososiem i mango;244;;ds,kl;filet z ˆososia,mango,pomidor,mieszanka saˆat,mi?ta,sok z limonki,oliwa;90g,80g,150g,50g,10g,30ml,5g;œososia skrop sokiem z limonki (wi?ksz¤ cz?˜c soku zostaw do przygotowania dressingu), dopraw sol¤ i pieprzem i podpiecz na grillu lub na patelni grillowej. Gdy ˆoso˜ b?dzie ju– gotowy, ostud® go, a w tym czasie przygotuj dressing z soku z limonki, ˆy–eczki oliwy i ˆy–ki wody. Dodaj sôl, pieprz i rozgniecione w mo®dzierzu ziarenka kolendry oraz posiekane listki mi?ty. Obierz pomidora, poˆow? mango i pokrôj je w kostk? (pomidora mo–esz w pôˆksi?–yce). Na talerzu uˆô– saˆat?, pomidory, na nie poˆô– kawaˆki ˆososia. Polej wszystko dressingiem i dodaj mango.;1 porcja
Zapiekane brokuˆy;433;w;ds,kl;brokuˆ,ser mozarella,jogurt naturalny,czosnek;500g,80g,100ml,5g;Brokuˆa oczy˜?, podziel na rô–yczki i ugotuj najlepiej na parze lub w osolonej wodzie na pôˆmi?kko. Nagrzej piekarnik do 180 stopni. Brokuˆa przeˆô– do –aroodpornego naczynia posyp je obficie curry i startym serem mozzarella light. Zapiekaj w piekarniku, a– ser si? roztopi. Jogurt  wymieszaj z czosnkiem sol¤ i pieprzem i polej nim ciepˆe brokuˆy.;1 porcja
Saˆatka z jajkiem, szynk¤ i ananasem;420;;ds,kl;seler,ananas,kukurydza,szynka z kurczaka,jajko,por,majonez;200g,90g,100g,100g,1,50g,150g;;2 porcje
Kanapki z kurczakiem;290;;sn,ds;chleb graham,pier˜ z kurczaka,ketchup,mieszanka saˆat;90g,50g,15g,100g;Kromki chleba posmaruj domowym ketchupem, poˆô– na nich kawaˆki upieczonego kurczaka oraz saˆat?.;1 porcja
Zapiekanka z kalafiora z mozzarell¤ú;316;w;ob,kl;kalafior,pomidor,czosnek,mozarella,bazylia;900g,400g,10g,125g,10g;Kalafiora ugotuj na parze lub w osolonej wodzie. Pomidory sparz i obierz ze skôrki. Do naczynia –aroodpornego wˆô– rô–yczki kalafiora oraz pokrojonego w kostk? pomidora. Oprôsz sol¤, pieprzem i posyp posiekanym czosnkiem i bazyli¤. Na gôr? wyˆô– kawaˆki mozzarelli. Zapiekaj w piekarniku nagrzanym do 180 stopni przez 15 minut ? a– ser si? rozpu˜ci.;2 porcje
Saˆatka z fasol¤ i serem feta ;219;w;ds,kl;fasola czerwona,ser feta,oliwki,kapusta peki„ska,cebula;250g,50g,15g,150g,20g;Such¤ fasol? namocz na noc i na drugi dzie„ gotuj pod przykryciem okoˆo 40-60 minut. Kapust? drobno poszatkuj, fasol? ods¤cz z wody. Cebul? pokrôj w drobn¤ kostk?, a oliwki w plasterki. Wymieszaj skˆadniki i dopraw pieprzem kolorowym z mˆynka. Na koniec dodaj pokrojon¤ w kostk? fet? i delikatnie wymieszaj. ;2 porcje
Faworki ;35;w;pd;m¤ka owsiana,–ôˆtko,jogurt naturalny,aromat waniliowy,sol,ksylitol;200g,2szt,100g,5g,3g,20g;ñôˆtka, jogurt, aromat waniliowy, sôl i ˆy–k? ksylitolu zmiksuj na puszyst¤ mas?, dodaj m¤k? i wyrabiaj ciasto, a– nie b?dzie si? kleiˆo. Ciasto odˆô– pod przykryciem na 15 minut. Rozwaˆkuj ciasto na 2 mm i pokrôj na paski o dˆugo˜ci 10 cm. W ˜rodku ka–dego paska zrôb naci?cie i przewlecz jeden koniec paska przez otwôr. Upiecz faworki w piekarniku nagrzanym do 180 stopni na termoobiegu ? wystarczy 10 minut i faworki b?d¤ gotowe. Posyp faworki cukrem pudrem brzozowym z pozostaˆej ˆy–ki cukru.ú;30 porcji
Ciasto czekoladowe z cukini¤;130;w;pd;cukinia,m¤ka jaglana,olej kokosowy,brzozowy cukier puder,gorzkie kakao,mleko,jajko,proszek do pieczenia,aromat ˜mietankowy;250g,200g,100g,70g,20g,170g,1szt,5g,3g;Nastaw piekarnik na 170 stopni. Cukini? zetrzyj na tarce z maˆymi oczkami i odci˜nij sok. Zmiksuj jajko i dodaj do niego cukier brzozowy ci¤gle miksuj¤c. Powoli dodawaj tak–e olej kokosowy i mleko i zmiksuj na gˆadk¤ mas?. Nast?pnie dodaj m¤k? z proszkiem do pieczenia oraz kakao. Miksuj na wolniejszych obrotach. Dodaj cukini? i aromat i wymieszaj delikatnie ˆy–k¤. Piecz przez 40 minut do suchego patyczka. Ciasto wystarcza na maˆ¤ okr¤gˆ¤ foremk? o ˜rednicy 18 cm.;16 porcji
Szarlotka;150;w;pd;m¤ka pszenna,m¤ka owsiana,ksylitol,jajko,olej kokosowy,jabˆko,proszek do pieczenia,cynamon,aromat ˜mietankowy;130g,130g,100g,1szt,120g,720g,5g,5g,5g;Jabˆka obierz i zetrzyj na tarce z du–ymi oczkami. Du˜ na patelni z dodatkiem wody okoˆo 20 minut. Dopraw cynamonem i ostud®. Wysyp obie m¤ki na stolnic?, zrôb wgˆ?bienie i wbij jajko, dodaj olej kokosowy, ksylitol oraz proszek do pieczenia i wyrôb na jednolit¤ mas?. Mo–esz doda? troch? aromatu ˜mietankowego do ciast. Nagrzej piekarnik do 180 stopni. 2/3 ciasta wyˆô– na dno formy i nakˆuj widelcem. Wstaw do piekarnika na 10-15 minut. Reszt? ciasta wˆô– do lodôwki. Gdy spôd ciasta si? podpiecze, wyjmij go z piekarnika i poˆô– na nim mas? jabˆkow¤. Na gôrze rozkrusz pozostaˆ¤ cz?˜? ciasta. Piecz w piekarniku przez okoˆo 45 minut. ;16 porcji
Muffiny;130;w;pd;jajko,ksylitol,mleko,olej rzepakowy,proszek do pieczenia,borôwka ameryka„ska,aromat ˜mietankowy;1szt,50g,50ml,50g,5g,150g,5g;Nastaw piekarnik na 200 stopni. W misce zmiksuj na gˆadk¤ mas? m¤k? z jajkiem, mlekiem, olejem, ksylitolem i proszkiem do pieczenia. Dodaj borôwki i aromat i wymieszaj delikatnie. Przeˆô– mas? do foremek na muffiny ? po 2 ˆy–ki ciasta na ka–d¤ foremk?. Piecz w piekarniku przez 15 minut.;9 porcji
Sernik tortowy;100;w;pd;chudy twarog,jajko,olej kokosowy,m¤ka ry–owa,ksylitol, proszek do pieczenia,laska wanilii/aromat ˜mietankowy;500g,3szt,40g,50g,90g,5g,1szt/5g;Nastaw piekarnik na 180 stopni. W misce utrzyj mikserem –ôˆtka z ksylitolem i olejem kokosowym. Dodawaj powoli ser i ci¤gle miksuj. Dodaj m¤k? ry–ow¤ i proszek do pieczenia i miksuj na gˆadk¤ mas?. Dodaj ziarenka wanilii lub aromat i wymieszaj. Ubij biaˆka na sztywn¤ pian? (dodaj do biaˆek troch? wody i soli, wtedy ˆatwiej si? ubij¤). Wymieszaj delikatnie mas? serow¤ z pian¤ z biaˆek, wyˆô– mas? do foremki pokrytej papierem do pieczenia lub u–yj formy silikonowej.  Piecz sernik przez 40-50 minut.;16 porcji
Jogurtowe ciasto z truskawkami;133;w;pd;jajko,jogurt naturalny,olej rzepakowy,ksylitol,sok z cytryny, truskawki, proszek do pieczenia,m¤ka owsiana,m¤ka jaglana;1szt,150g,30g,100g,15g,150g,5g,60g,60g;Nastaw piekarnik na 180 stopni (gôra dôˆ). Truskawki umyj i usu„ szypuˆki. Jajko zmiksuj na puszyst¤ mas?. Powoli dodawaj ksylitol ci¤gle miksuj¤c. Dodaj jogurt, sok z cytryny i olej i dalej miksuj. Na koniec dodaj m¤ki z proszkiem do pieczenia i zmiksuj mas? na maˆych obrotach. Przelej mas? do formy (moja miaˆa 16§16 cm), na wierzch uˆô– poˆôwki truskawek i piecz w piekarniku przez 30minut. Je–eli masz wi?ksz¤ form?, mo–esz u–y? podwôjn¤ porcj? skˆadnikôw i piec ciasto dˆu–ej 40 minut.;9 porcji
Tarta z truskawkami i budyniem;88;w;pd;m¤ka owsiana,m¤ka pszenna,olej kokosowy,jajko,proszek do pieczenia,ksylitol,budyn ˜mietankowy,mleko,truskawki,borôwki ameryka„skie/jagody;60g,70g,60g,1szt,5g,30g,1opk,300ml,100g,100g;Nagrzej piekarnik do 180 stopni. Przygotuj naczynie na trat? ? moje miaˆo wymiary 16§16 cm. Mo–esz u–y? tradycyjnej formy na tart? i przygotowa? ciasto z podwôjnej ilo˜ci skˆadnikôw. Wysyp obie m¤ki na stolnic?, wbij jajko, dodaj olej kokosowy, ˆy–k? ksylitolu oraz proszek do pieczenia i szybko wyrôb ciasto. Olej kokosowy do przygotowania tarty nie powinien by? pˆynny ani caˆkiem twardy. Ciasto wyˆô– do formy na tart? i zostaw wysokie brzegi. Nakˆuj ciasto widelcem i wˆô– do piekarnika. Piecz okoˆo 30 minut obserwuj¤c, czy ciasto zbytnio si? nie przypiekˆo. Przygotuj budy„ z 300 ml mleka wedˆug opisu na opakowaniu. Wyjmij tart? z piekarnika i ostud®. Budy„ wymieszaj z borôwkami ameryka„skimi i wyˆô– na tart?. Na wierzch poˆô– truskawki.;16 porcji
Ciasto rafaello;120;w;pd;herbatniki,mleko,mleczko koksowe,skrobia kukurydziana,ksylitol,wiôrki kokosowe;120g,250ml,200ml,30g,20g,30g;Odlej ?wier? szklanki mleka i rozmieszaj w nim skrobi? z ksylitolem. W garnku podgrzej reszt? mleka z mleczkiem kokosowym. Do wrz¤cego mleka wlej skrobi? z mlekiem i mieszaj, a– masa zg?stnieje.  Na blasze do pieczenia (ja u–yˆam keksôwki ? 10§22 cm) uˆô– herbatniki, posmaruj je porcj¤ budyniu. Nast?pnie poˆô– kolejn¤ warstw? herbatnikôw i znowu posmaruj je budyniem. Powtôrz jeszcze dwa razy, przykryj ostatni¤ warstw¤ herbatnikôw i cienko posmaruj masa budyniow¤. Posyp ciasto wiôrkami koksowymi i wˆô– do lodôwki.;10 porcji
Ciasto marchewkowe;171;w;pd;m¤ka jaglana,olej kokosowy, jajko,cukier brzozowy,marchewka,proszek do pieczenia,soda oczyszczona,cynamon,kardamon,brzozowy cukier puder;200g,140g,2szt,100g,200g,5g,3g,5g,5g,40g;Marchewk? obierz i zetrzyj na tarce z maˆymi oczkami.  W misce zmiksuj na wysokich obrotach jajka na puszyst¤ mas?. Dodaj powoli cukier, ci¤gle miksuj¤c oraz olej kokosowy. Na koniec dodaj m¤k? z proszkiem do pieczenia i sod¤ oczyszczon¤ i zmiksuj dokˆadnie. Dodaj marchewk?, kardamon i cynamon i wymieszaj mas? ˆy–k¤. Piecz w temperaturze 180 stopni przez 50 minut. Skˆadniki wystarczaj¤ na form?. Przygotuj lukier z cukru pudru brzozowego, dodaj¤c do niego odrobin? wody tak, aby powstaˆa g?sta biaˆa masa.;15 porcji
Sernik czekoladowy z wi˜niami;100;w;pd;chudy twarog,ksylitol,jajko,m¤ka jaglana,olej kokosowy,ciemne kakao,proszek do pieczenia,aromat ˜mietankowy. Polewa wi˜niowa: wi˜nie mro–one,–elatyna w proszku,ksylitol;500g,100g,3szt,60g,40g,20g,5g,10g. Polewa wi˜niowa: 120g,4g,15g;Twarôg zmiel w maszynce 2 razy lub zmiksuj go dokˆadnie blenderem. Piekarnik nagrzej do 180 stopni. W misce zmiksuj jajka na puszyst¤ mas?, dodaj ksylitol i dalej miksuj na wysokich obrotach. Nast?pnie powoli dodawaj olej, ser i miksuj skˆadniki na gˆadk¤ mas?. Na koniec dodaj m¤k? jaglan¤, proszek do pieczenia, kakao i aromat (opcjonalnie). Zmiksuj a– otrzymasz jednolit¤ mas?. Mas? serow¤ przeˆô– do foremki nasmarowanej olejem kokosowym i piecz w piekarniku 50 minut. W tym czasie przygotuj sos wi˜niowy. W szklance rozpu˜? –elatyn? w ˆy–ce wody i poczekaj, a– nap?cznieje. Wi˜nie podgrzej w rondelku, a– puszcz¤ sok i dodaj ksylitol. Dodaj rôwnie– –elatyn?, wymieszaj i poczekaj, a– przestygnie. Wˆô– na chwil? do lodôwki, aby sos lekko zg?stniaˆ. Gdy b?dzie zbyt sztywny mo–esz go podgrza? ponownie. Ciasto wyjmij z piekarnika poczekaj, a– wystygnie i polej lekko t?–ej¤cym sosem z wi˜niami.;16 porcji
Piernik marchewkowy z polew¤ czekoladow¤;160;w;pd;m¤ka jaglana, mleko,jajko,miod,marchewka,proszek do pieczenia,soda oczyszczona,przyprawa korzenna,kakao,karob,oleju orzechowy,ksylitol,woda;260g,250ml,2szt,60g,200g,5g,5g,25g,24g,12g,25g,20g,40g;Marchewk? obierz i zetrzyj na tarce z maˆymi oczkami. Jajka zmiksuj w caˆo˜ci do uzyskania puszystej konsystencji, dodaj miôd, m¤k? oraz mleko, przyprawy i kakao, i ci¤gle miksuj. Kiedy powstanie gˆadka masa, dodaj proszek do pieczenia, sod? oczyszczon¤ i marchewk?, i wymieszaj. Ciasto przelej do formy ?keksôwki? wyˆo–onej papierem do pieczenia lub u–yj formy silikonowej. Nagrzej piekarnik do 160 stopni i piecz przez okoˆo 45 minut. W tym czasie przygotuj zdrow¤ polew?. W rondelku podgrzej lekko olej, dodaj ksylitol i karob oraz 2 ˆy–ki wody. Mieszaj, a– skˆadniki si? poˆ¤cz¤. Je–eli to nie nast¤pi, dodaj wi?cej wody i dodawaj j¤, a– do osi¤gni?cia jednolitej konsystencji. Gotowy pienik polej ciepˆ¤ polew¤ czekoladow¤.;12 porcji
Pierniczki z m¤k¤ owsian¤;60;w;pd;m¤ka pszenna tortowa,m¤ka owsiana peˆnoziarnista, jajko,brzozowy cukier puder ,miod,soda oczyszczona,dro–d–e,olej kokosowy,przyprawa korzenna;200g,60g,1szt,60g,20g,5g,25g,60g,20g;Wymieszaj m¤k? tortow¤ z m¤k¤ owsian¤ (mo–esz te– u–y? zmielonych pˆatkôw owsianych) oraz cukrem pudrem brzozowym i przypraw¤ do piernika. W rondelku podgrzej olej kokosowy z miodem, a– si? rozpu˜ci, ale nie b?dzie gor¤cy. Dodaj dro–d–e i wymieszaj. M¤ki wysyp na stolnic? i wbij jajko. Dolewaj powoli olej z miodem i wyrabiaj ciasto, a– b?dzie si? odklejaˆo od r¤k. Z maˆych porcji ciasta formuj placuszki, i lekko je spˆaszcz, aby powstaˆy okr¤gˆe pierniczki. Mo–esz rôwnie– rozwaˆkowa? ciasto na grubo˜? 5 mm i wycina? dowolne ksztaˆty piernikôw. Piecz okoˆo 8-10 minut w piekarniku nagrzanym do 170 stopni.;30 porcji
Pudding chia z truskawkami;227;w;pd;mleko,nasiona chia,ksylitol,laska wanilii,truskawki;250ml,20g,5g,1szt,70g;Mleko wymieszaj z ksylitolem, wanili¤ i nasionami chia. Odstaw do lodôwki na noc. Na drugi dzie„ wymieszaj pudding i podawaj z truskawkami.;1 porcja
Ciasto z rabarbarem;135;w;pd;m¤ka jaglana,jajko,ksylitol,olej kokosowy,niedu–e ˆodygi rabarbaru,proszek do pieczenia,aromat ˜mietankowy;190g,3szt,100g,100g,300g,5g,1szt;Rabarbar umyj i pokrôj na maˆe kawaˆki (usu„ twarde wˆôkna). Nagrzej piekarnik do 190 stopni. Zmiksuj jajka z ksylitolem na puszyst¤ mas?. Powoli dosypuj m¤k? jaglan¤ z proszkiem do pieczenia, ci¤gle miksuj¤c. Powoli dodaj te– olej oraz aromat ˜mietankowy. Wymieszaj mas? z rabarbarem, zostaw kilka kawaˆkôw do dekoracji. Przeˆô– mas? do formy keksôwki i na wierzch poˆô– pozostaˆy rabarbar. Piecz w piekarniku przez 35 minut.;16 porcji
Muffiny ?le˜ny mech? (bezglutenowe);200;w;pd;m¤ka jaglana,jajko,mro–ony szpinak,cukier brzozowy,olej kokosowy,granat,galaretka agrestowa,proszek do pieczenia,aromat ˜mietankowy;220g,3szt,300g,100g,100g,1szt,37g,15g,5g;Przygotuj galaretk? z poˆowy skˆadnikôw z godnie z opisem na opakowaniu. Nastaw piekarnik na 200 stopni (gôra dôˆ). Szpinak rozmro® i odci˜nij bardzo dokˆadnie z wody. Je˜li tego nie zrobisz, muffiny wyjd¤ zbyt zbite. Jajka zmiksuj na pian? razem z cukrem brzozowym, dodaj powoli olej kokosowy (u mnie byˆ w stanie lekko pˆynnym), nast?pnie dodaj m¤k? i proszek do pieczenia i zmiksuj. Dodaj szpinak i zmiksuj na mniejszych obrotach, potem dodaj pestki z poˆowy granatu, aromat ˜mietankowy i lekko wymieszaj ˆy–k¤. Przeˆô– mas? do foremek na muffiny ? po okoˆo 2 ˆy–ki na foremk?. Piecz w piekarniku przez 20 minut. Wyjmij  z piekarnika i ostud®. Odetnij wierzchy muffinek i przeˆô– do miski ? rozkrusz ciasto ˆy–k¤. Na wierzch ka–dej muffinki naˆô– maˆ¤ porcj? t?–ej¤cej galaretki (nie mo–e by? zbyt pˆynna bo wsi¤knie w ciasto). Nast?pnie ?przyklej do galaretki? rozkruszone ciasto i poˆô– pestki grantu. Tak przygotowane muffinki przechowuj w lodôwce.;24 porcje
Drobiowe pulpety w sosie pomidorowym ;445;;ob;pier˜ z kurczaka,ser gorgonzola,pomidor,czosnek,bulion,ziemniaki;500g,30g,800g,5g,1litr,600g;Ziemniaki ugotuj w mundurkach. Pomidory obierz ze skôrki i pokrôj w kostk?. Mi?so zmiel w maszynce, dodaj przeci˜ni?ty przez prask? czosnek, starty na tarce ser, sôl, pieprz oraz bazyli?. Dokˆadnie wymieszaj i formuj maˆe pulpety. Podgrzej bulion i wrzucaj pulpeciki do gor¤cego rosoˆu. Gotuj okoˆo 15 minut. W tym czasie w rondelku zagotuj pomidory, ci¤gle je mieszaj, aby si? nie przypaliˆy. Kiedy si? zredukuj¤, dodaj kilka ˆy–ek bulionu i gotuj, a– sos zg?stnieje. Zmiksuj go blenderem i dopraw do smaku sol¤ i pieprzem. ;3 porcje
Zapiekanka makaronowa z patelni;355;;ob;makaron peˆnoziarnisty,fasolka szparagowa,pomidorki koktajlowe,ser mozarella,szynka parme„ska,oliwa,cebula,czosnek;80g,200g,100g,100g,30g,5g,50g,10g;Makaron ugotuj w osolonej wodzie ? gotuj go troch? krôcej, ni– opisano to na opakowaniu. Fasolk? ˜wie–¤ gotuj chwil? na parze lub w osolonej wodzie. Je–eli u–ywasz fasolki mro–onej, nie musisz tego robi?. Pomidorki sparz i obierz ze skorki. Na patelni do sma–enia niskotˆuszczowego na ˆy–eczce oliwy podsma– pokrojon¤ w kostk? cebul?, dodaj przeci˜ni?ty przez prask? czosnek oraz pokrojon¤ w paski szynk?. Mieszaj skˆadniki, aby si? nie przypaliˆy. Wyˆ¤cz gaz i dodaj na patelni? makaron, fasolk? oraz pomidorki i start¤ na tarce mozzarell?. Dopraw wszystko sol¤, ˜wie–o mielonym pieprzem, bazyli¤, oregano, tymiankiem i dodaj gaˆ¤zk? rozmarynu. Wymieszaj skˆadniki, wˆ¤cz gaz i przykryj patelni? przykrywk¤. Du˜ okoˆo 15 minut, a– ser si? roztopi i smaki przejd¤ si? na wzajem.;2 porcje
Ciasto budyniowe;100;w;pd;herbatniki,mleko,budyn w proszku bez cukru o smaku ˜mietankowym,gorzka czekolada,cukier brzozowy;150g,800ml,2szt,20g,30g;Budy„ przygotuj zgodnie z opisem na opakowaniu, u–ywaj¤c mniej mleka (800 ml) oraz nie dodaj¤c cukru. Mas? budyniow¤ dosˆod® stewi¤. Herbatniki wyˆô– na dnie okr¤gˆej formy do ciasta o ˜rednicy 20 cm. Wylej na nie poˆow? budyniu. Przykryj kolejn¤ warstw¤ herbatnikôw i wylej pozostaˆ¤ cz?˜? budyniu. Przykryj reszt¤ herbatnikôw. Poczekaj, a– ciasto wystygnie i wstaw je do lodôwki, –eby si? schˆodziˆo.;10 porcji
Kremowe lody z banana;250;w;pd;banan,olej orzechowy,gorzkie kakao,ksylitol,woda;400g,12g,5g,7g,10ml;Banany pokrôj na plasterki i zamro®. Przygotuj polew? czekoladow¤ ? w maˆym rondelku na bardzo maˆym ogniu podgrzej olej, dodaj karob, ksylitol i wod?. Mieszaj do uzyskania jednolitej konsystencji. Mo–liwe, –e b?dzie trzeba doda? wi?cej wody. Zamro–one banany blenduj, a– powstanie kremowa gˆadka masa ? trwa to dosy? dˆugo. Dobrze jest wˆo–y? mas? bananow¤ jeszcze do zamra–arki, aby troch? zg?stniaˆa. Rozˆô– lody bananowe do pucharkôw i polej polew¤ czekoladow¤.;2 porcje
Kokosowy mini sernik;217;w;pd;tworôg chudy,jajko,mak¤ kokosowa,ksylitol,mango,granat;300g,2szt,24g,24g,70g,40g;Przygotuj m¤k? kokosow¤ ? zmiel wiôrki kokosowe na pyˆ. Nagrzej piekarnik do 180 stopni. Jajka zmiksuj w misce na pian?, dodaj ser, m¤k? kokosow¤, ksylitol i wszystko dokˆadnie zmiksuj. Przeˆô– mas? do trzech maˆych naczynek –aroodpornych ? moje maj¤ ˜rednic? 9 cm. Piecz serniczki przez 30 minut. Po ostygni?ciu naˆô– na nie kawaˆki mango i pestki granatu.;3 porcje
Kruche ciastka  z rabarbarem;176;w;pd;m¤ka owsiana, m¤ka pszenna,jajko,olej kokosowy,ksylitol,proszek do pieczenia,woda,rabarbar,cynamon;130g,130g,1szt,80g,96g,5g,20ml,500g,10g;Nagrzej piekarnik do 180 stopni. Z m¤ki owsianej i zwykˆej m¤ki oraz jajka, oleju kokosowego i proszku do pieczenia wyrôb ciasto. Dodaj troch? wody, je˜li b?dzie zbyt kruche. Do formy na muffinki wˆô– papierowe foremki i na nich dnie wyˆô– warstw? ciasta o grubo˜ci 1 cm. Zostaw troch? ciasta na posypk?. Wˆô– form? do piekarnika i piecz 10 minut. W tym czasie obierz rabarbar, pokrôj go w kostk? i udu˜ na patelni z dodatkiem wody i ksylitolu. Dopraw cynamonem. Wyjmij form? z piekarnika i naˆô– do ka–dej foremki porcj? rabarbaru. Na wierzch pokrusz troch? ciasta. Zapiekaj prze kolejne 15 minut.;12 porcji
